89699,751,Rights Fees - Lounge
89700,751,Rights fees
89700,759,Rights fees
89700,793,Rights fees
89701,759,Venue Rentals
89701,793,Venue Rentals
89701,794,Venue Rentals
89750,759,Concert - Site Preparation
89750,793,Concert - Site Preparation
89750,794,Concert - Site Preparation
89751,759,Concert-Volunteers Payment
89751,794,Concert-Volunteers Payment
89752,759,Concert - Housekeeping
89752,793,Concert - Housekeeping
89752,794,Concert - Housekeeping
89753,759,Concerts-Tent Marquee
89754,759,Concerts-Closed Circuit Video
89754,793,Concerts-Closed Circuit Video
89754,794,Concerts-Closed Circuit Video
89755,759,Concerts-Other
89755,794,Concerts-Other
89810,100,Charter bus
89810,105,Charter bus